Country,City,City Link,Category,Keyword,Post_title,Link
Canada,abbotsford,https://abbotsford.craigslist.org,Gigs,Marketing,Marketing material delivery walker wanted,https://abbotsford.craigslist.org/lbg/d/abbotsford-southeast-marketing-material/7772969396.html
Canada,nanaimo,https://nanaimo.craigslist.org,Gigs,Marketing,Sales and Marketing Gig,https://nanaimo.craigslist.org/cpg/d/nanaimo-south-sales-and-marketing-gig/7775116077.html
Canada,vancouver,https://vancouver.craigslist.org,Gigs,Marketing,Digital Marketing lead and 3 more,https://vancouver.craigslist.org/van/cpg/d/vancouver-digital-marketing-lead-and/7772302340.html
Canada,vancouver,https://vancouver.craigslist.org,Gigs,Marketing,Marketing Agency is Looking for a Female Promoter for Marketing Video,https://vancouver.craigslist.org/rds/tlg/d/surrey-outer-northwest-marketing-agency/7769790151.html
Canada,toronto,https://toronto.craigslist.org,Gigs,Marketing,Digital Marketing Lead and 3 more,https://toronto.craigslist.org/tor/crg/d/vancouver-digital-marketing-lead-and/7772301316.html
Canada,toronto,https://toronto.craigslist.org,Gigs,Marketing,Sales and Marketing Hot Shots,https://toronto.craigslist.org/mss/evg/d/mississauga-sales-and-marketing-hot/7771452249.html
Canada,toronto,https://toronto.craigslist.org,Gigs,Marketing,Student Outreach Marketing Coordinator,https://toronto.craigslist.org/drh/evg/d/central-toronto-student-outreach/7767608867.html
US,bham,https://bham.craigslist.org,Gigs,Marketing,ðŸ’» Part-Time Job Opportunity: Help Us Test a New Marketing Strategy!,https://bham.craigslist.org/cpg/d/birmingham-part-time-job-opportunity/7772019065.html
US,bham,https://bham.craigslist.org,Gigs,Marketing,Need 21-30 year olds for Paid Marketing Research Experience,https://bham.craigslist.org/evg/d/birmingham-need-year-olds-for-paid/7771250966.html
US,phoenix,https://phoenix.craigslist.org,Gigs,Marketing,$600 a Day Proven Strategy! Digital Marketing Business,https://phoenix.craigslist.org/wvl/cpg/d/sun-city-west-600-day-proven-strategy/7774969134.html
US,prescott,https://prescott.craigslist.org,Gigs,Marketing,Prescott - Marketing Research,https://prescott.craigslist.org/evg/d/prescott-prescott-marketing-research/7767147051.html
US,tucson,https://tucson.craigslist.org,Gigs,Marketing,"Sign placer, Marketing and Real Estate",https://tucson.craigslist.org/lbg/d/tucson-sign-placer-marketing-and-real/7771575453.html
US,bakersfield,https://bakersfield.craigslist.org,Gigs,Marketing,"Learn Digital Marketing"" Earn $300 to $900 Daily",https://bakersfield.craigslist.org/cpg/d/wofford-heights-learn-digital-marketing/7774309971.html
US,fresno,https://fresno.craigslist.org,Gigs,Marketing,Digital Marketing strategy $300 a day with WiFi,https://fresno.craigslist.org/cpg/d/fresno-digital-marketing-strategy-300/7774496496.html
US,inlandempire,https://inlandempire.craigslist.org,Gigs,Marketing,Marketing Pro for Online Leadership Program,https://inlandempire.craigslist.org/cpg/d/upland-marketing-pro-for-online/7771343589.html
US,losangeles,https://losangeles.craigslist.org,Gigs,Marketing,Small Business Marketing Coach,https://losangeles.craigslist.org/wst/cpg/d/los-angeles-small-business-marketing/7775474915.html
US,losangeles,https://losangeles.craigslist.org,Gigs,Marketing,Expert in AMAZON Book Marketing,https://losangeles.craigslist.org/lac/crg/d/portland-expert-in-amazon-book-marketing/7775206482.html
US,losangeles,https://losangeles.craigslist.org,Gigs,Marketing,"Digital Marketing Business! ""$300 to $900 a Week",https://losangeles.craigslist.org/wst/cpg/d/los-angeles-digital-marketing-business/7774971110.html
US,mendocino,https://mendocino.craigslist.org,Gigs,Marketing,Marketing Research - Lakeport,https://mendocino.craigslist.org/evg/d/lakeport-marketing-research-lakeport/7769513155.html
US,merced,https://merced.craigslist.org,Gigs,Marketing,Marketing Research - Santa Nella,https://merced.craigslist.org/evg/d/gustine-marketing-research-santa-nella/7769513215.html
US,modesto,https://modesto.craigslist.org,Gigs,Marketing,Seeking Talented Content Creator for Digital Marketing Projects,https://modesto.craigslist.org/cpg/d/modesto-seeking-talented-content/7772261523.html
US,monterey,https://monterey.craigslist.org,Gigs,Marketing,Marketing Gig - Gilroy Area,https://monterey.craigslist.org/evg/d/gilroy-marketing-gig-gilroy-area/7768912604.html
US,monterey,https://monterey.craigslist.org,Gigs,Marketing,Car girl needed   Car week help DETAIL   marketing MONTEREY,https://monterey.craigslist.org/tlg/d/monterey-car-girl-needed-car-week-help/7773528539.html
US,orangecounty,https://orangecounty.craigslist.org,Gigs,Marketing,Make $1000+++ per week marketing outreach,https://orangecounty.craigslist.org/evg/d/westminster-make-1000-per-week/7773882908.html
US,sandiego,https://sandiego.craigslist.org,Gigs,Marketing,Digital Marketing $300 a Day with Proven Strategy,https://sandiego.craigslist.org/csd/cpg/d/san-diego-digital-marketing-300-day/7774574918.html
US,sandiego,https://sandiego.craigslist.org,Gigs,Marketing,ðŸ’» Part-Time Job Opportunity: Help Us Test a New Marketing Strategy!,https://sandiego.craigslist.org/csd/cpg/d/san-diego-part-time-job-opportunity/7774460703.html
US,sandiego,https://sandiego.craigslist.org,Gigs,Marketing,Administrative Help For Marketing Agency,https://sandiego.craigslist.org/csd/cpg/d/san-diego-administrative-help-for/7773751265.html
US,sfbay,https://sfbay.craigslist.org,Gigs,Marketing,NEEDED! Someone to do my online marketing **,https://sfbay.craigslist.org/nby/cpg/d/mill-valley-needed-someone-to-do-my/7774824079.html
US,ventura,https://ventura.craigslist.org,Gigs,Marketing,Looking for an Affiliate Marketing Pro,https://ventura.craigslist.org/cpg/d/port-hueneme-cbc-base-looking-for-an/7768346591.html
US,denver,https://denver.craigslist.org,Gigs,Marketing,Need 21-30 year olds for Colorado  Paid Marketing Research Experience,https://denver.craigslist.org/evg/d/littleton-need-year-olds-for-colorado/7771085681.html
US,rockies,https://rockies.craigslist.org,Gigs,Marketing,Marketing Research - Vail,https://rockies.craigslist.org/evg/d/avon-marketing-research-vail/7766288667.html
US,westslope,https://westslope.craigslist.org,Gigs,Marketing,Marketing animals,https://westslope.craigslist.org/cpg/d/fruita-marketing-animals/7772495993.html
US,newlondon,https://newlondon.craigslist.org,Gigs,Marketing,Field Marketing Representative - Paid Daily,https://newlondon.craigslist.org/lbg/d/vernon-rockville-field-marketing/7773840441.html
US,newlondon,https://newlondon.craigslist.org,Gigs,Marketing,Field Marketing Representative - Paid Daily,https://newlondon.craigslist.org/lbg/d/vernon-rockville-field-marketing/7769620117.html
US,hartford,https://hartford.craigslist.org,Gigs,Marketing,Field Marketing Representative - Paid Daily,https://hartford.craigslist.org/lbg/d/vernon-rockville-field-marketing/7773839514.html
US,hartford,https://hartford.craigslist.org,Gigs,Marketing,ðŸ’»Agents Wanted-Job Opportunity: Help Us Test a New Marketing Strategy,https://hartford.craigslist.org/cpg/d/stamford-agents-wanted-job-opportunity/7772018822.html
US,hartford,https://hartford.craigslist.org,Gigs,Marketing,Field Marketing Representative - Paid Daily,https://hartford.craigslist.org/lbg/d/vernon-rockville-field-marketing/7769624056.html
US,washingtondc,https://washingtondc.craigslist.org,Gigs,Marketing,Marketing Research Opportunity for Age 21-30 - Alexandria,https://washingtondc.craigslist.org/nva/evg/d/alexandria-marketing-research/7774018768.html
US,miami,https://miami.craigslist.org,Gigs,Marketing,Need 21-30 year olds for Paid Marketing Research Experience,https://miami.craigslist.org/pbc/evg/d/delray-beach-need-year-olds-for-paid/7774018185.html
US,miami,https://miami.craigslist.org,Gigs,Marketing,Work From Home Selling SKOOL Digital Marketing Course,https://miami.craigslist.org/mdc/cpg/d/miami-work-from-home-selling-skool/7771772194.html
US,miami,https://miami.craigslist.org,Gigs,Marketing,Flyer Distributor (with your car) - marketing / advertising / Pr,https://miami.craigslist.org/brw/crg/d/fort-lauderdale-flyer-distributor-with/7775027838.html
US,daytona,https://daytona.craigslist.org,Gigs,Marketing,Marketing Company Needs Mobile Food Truck,https://daytona.craigslist.org/evg/d/palm-coast-marketing-company-needs/7774464897.html
US,daytona,https://daytona.craigslist.org,Gigs,Marketing,Marketing Company Needs Ice Cream/Food Truck,https://daytona.craigslist.org/evg/d/palm-coast-marketing-company-needs-ice/7774476215.html
US,keys,https://keys.craigslist.org,Gigs,Marketing,Marketing Research - Key West,https://keys.craigslist.org/evg/d/key-west-marketing-research-key-west/7766288571.html
US,gainesville,https://gainesville.craigslist.org,Gigs,Marketing,Marketing/Social Media Assitant,https://gainesville.craigslist.org/cpg/d/gainesville-marketing-social-media/7766319820.html
US,jacksonville,https://jacksonville.craigslist.org,Gigs,Marketing,Need 21-30 year olds for Paid Marketing Research - Jacksonville,https://jacksonville.craigslist.org/evg/d/jacksonville-need-year-olds-for-paid/7774018259.html
US,orlando,https://orlando.craigslist.org,Gigs,Marketing,Marketing,https://orlando.craigslist.org/lbg/d/orlando-marketing/7770405374.html
US,orlando,https://orlando.craigslist.org,Gigs,Marketing,Nonprofit volunteer for marketing & video editor,https://orlando.craigslist.org/lbg/d/montverde-nonprofit-volunteer-for/7770805951.html
US,sarasota,https://sarasota.craigslist.org,Gigs,Marketing,Event Marketing and Promotions - Models,https://sarasota.craigslist.org/evg/d/sarasota-event-marketing-and-promotions/7772430361.html
US,sarasota,https://sarasota.craigslist.org,Gigs,Marketing,Marketing Research Opportunity for Age 21-30 - Bradenton,https://sarasota.craigslist.org/evg/d/bradenton-marketing-research/7770898570.html
US,sarasota,https://sarasota.craigslist.org,Gigs,Marketing,Marketing Research - Sarasota,https://sarasota.craigslist.org/evg/d/sarasota-marketing-research-sarasota/7766288700.html
US,tallahassee,https://tallahassee.craigslist.org,Gigs,Marketing,Need 21-30 year olds for Paid Marketing  - Tallahassee,https://tallahassee.craigslist.org/evg/d/tallahassee-need-year-olds-for-paid/7766631633.html
US,tampa,https://tampa.craigslist.org,Gigs,Marketing,Telemarketing No Selling,https://tampa.craigslist.org/pnl/lbg/d/pinellas-park-telemarketing-no-selling/7773224158.html
US,treasure,https://treasure.craigslist.org,Gigs,Marketing,Telemarketing/computer,https://treasure.craigslist.org/cpg/d/port-saint-lucie-telemarketing-computer/7767775972.html
US,athensga,https://athensga.craigslist.org,Gigs,Marketing,Marketing Research Opportunity in Athens  for Ages 21-30 (Athens),https://athensga.craigslist.org/evg/d/athens-marketing-research-opportunity/7769512986.html
US,atlanta,https://atlanta.craigslist.org,Gigs,Marketing,"""$300 a Day Digital Marketing Business""",https://atlanta.craigslist.org/atl/cpg/d/atlanta-300-day-digital-marketing/7775282911.html
US,atlanta,https://atlanta.craigslist.org,Gigs,Marketing,Business Casual Marketing Rep Needed $15+,https://atlanta.craigslist.org/atl/evg/d/atlanta-business-casual-marketing-rep/7772848347.html
US,augusta,https://augusta.craigslist.org,Gigs,Marketing,Marketing Position Available,https://augusta.craigslist.org/cpg/d/augusta-marketing-position-available/7768943749.html
US,augusta,https://augusta.craigslist.org,Gigs,Marketing,Marketing Assistant Job Available,https://augusta.craigslist.org/cpg/d/augusta-marketing-assistant-job/7767078350.html
US,honolulu,https://honolulu.craigslist.org,Gigs,Marketing,ðŸ’»Agents Wanted-Job Opportunity: Help Us Test a New Marketing Strategy,https://honolulu.craigslist.org/oah/cpg/d/honolulu-agents-wanted-job-opportunity/7772013275.html
US,chicago,https://chicago.craigslist.org,Gigs,Marketing,intern/marketing/entertainment,https://chicago.craigslist.org/chc/evg/d/chicago-intern-marketing-entertainment/7774157981.html
US,fortwayne,https://fortwayne.craigslist.org,Gigs,Marketing,Need 21-30 year olds for Paid Marketing Research - Fort Wayne,https://fortwayne.craigslist.org/evg/d/fort-wayne-need-year-olds-for-paid/7771127690.html
US,indianapolis,https://indianapolis.craigslist.org,Gigs,Marketing,Marketing Company Needs Food Truck,https://indianapolis.craigslist.org/evg/d/carmel-marketing-company-needs-food/7774470770.html
US,indianapolis,https://indianapolis.craigslist.org,Gigs,Marketing,Individuals Needed For IN Marketing Research Experience,https://indianapolis.craigslist.org/evg/d/indianapolis-individuals-needed-for-in/7774097815.html
US,cedarrapids,https://cedarrapids.craigslist.org,Gigs,Marketing,"Marketing Research Opportunity, Cedar Falls",https://cedarrapids.craigslist.org/evg/d/cedar-falls-marketing-research/7768912486.html
US,desmoines,https://desmoines.craigslist.org,Gigs,Marketing,Need 21-30 year olds for Paid Marketing Research - West Des Moines,https://desmoines.craigslist.org/evg/d/west-des-moines-need-year-olds-for-paid/7771127571.html
US,dubuque,https://dubuque.craigslist.org,Gigs,Marketing,"Marketing Research Opportunity, Platteville",https://dubuque.craigslist.org/evg/d/platteville-marketing-research/7771127451.html
US,masoncity,https://masoncity.craigslist.org,Gigs,Marketing,"Marketing Research Opportunity, Mason City",https://masoncity.craigslist.org/evg/d/mason-city-marketing-research/7767471559.html
US,quadcities,https://quadcities.craigslist.org,Gigs,Marketing,"Marketing Research Opportunity, Davenport and Moline",https://quadcities.craigslist.org/evg/d/davenport-marketing-research/7766631819.html
US,siouxcity,https://siouxcity.craigslist.org,Gigs,Marketing,"Marketing Research Opportunity, Sioux City",https://siouxcity.craigslist.org/evg/d/sioux-city-marketing-research/7771127824.html
US,siouxcity,https://siouxcity.craigslist.org,Gigs,Marketing,"Marketing Research Opportunity, Spirit Lake",https://siouxcity.craigslist.org/evg/d/spirit-lake-marketing-research/7769482039.html
US,wichita,https://wichita.craigslist.org,Gigs,Marketing,Marketing Research - Wichita,https://wichita.craigslist.org/evg/d/wichita-marketing-research-wichita/7768297987.html
US,maine,https://maine.craigslist.org,Gigs,Marketing,Need 21-30 year olds for Paid Marketing Research - Portland,https://maine.craigslist.org/evg/d/portland-need-year-olds-for-paid/7771255530.html
US,baltimore,https://baltimore.craigslist.org,Gigs,Marketing,Get Paid From Home to Give Away Free Marketing Memberships! Baltimore,https://baltimore.craigslist.org/cpg/d/baltimore-get-paid-from-home-to-give/7772802548.html
US,boston,https://boston.craigslist.org,Gigs,Marketing,Marketing Research Opportunity for Age 21-30 - Brookline,https://boston.craigslist.org/nwb/cpg/d/brookline-marketing-research/7774018353.html
US,capecod,https://capecod.craigslist.org,Gigs,Marketing,Marketing Research Opportunity for Ages 21-30 - Hyannis,https://capecod.craigslist.org/evg/d/hyannis-marketing-research-opportunity/7769829359.html
US,worcester,https://worcester.craigslist.org,Gigs,Marketing,Field Marketing Representative - Paid Daily,https://worcester.craigslist.org/lbg/d/vernon-rockville-field-marketing/7773837966.html
US,worcester,https://worcester.craigslist.org,Gigs,Marketing,Field Marketing Representative - Paid Daily,https://worcester.craigslist.org/lbg/d/vernon-rockville-field-marketing/7769629713.html
US,detroit,https://detroit.craigslist.org,Gigs,Marketing,Need 21-30 year olds for marketing research experience - Detroit Area,https://detroit.craigslist.org/okl/evg/d/bloomfield-hills-need-year-olds-for/7771250029.html
US,kalamazoo,https://kalamazoo.craigslist.org,Gigs,Marketing,Need 21-30 year olds for Paid Marketing Research Experience: Kalamazoo,https://kalamazoo.craigslist.org/evg/d/kalamazoo-need-year-olds-for-paid/7767147643.html
US,duluth,https://duluth.craigslist.org,Gigs,Marketing,"Marketing Research Opportunity, Duluth",https://duluth.craigslist.org/evg/d/duluth-marketing-research-opportunity/7769481890.html
US,minneapolis,https://minneapolis.craigslist.org,Gigs,Marketing,ðŸ’» Part-Time Job Opportunity: Help Us Test a New Marketing Strategy!,https://minneapolis.craigslist.org/hnp/cpg/d/minneapolis-part-time-job-opportunity/7772018604.html
US,minneapolis,https://minneapolis.craigslist.org,Gigs,Marketing,Marketing Research Opportunity for Ages 21-30 (Minneapolis Area),https://minneapolis.craigslist.org/hnp/evg/d/saint-paul-marketing-research/7770897474.html
US,rmn,https://rmn.craigslist.org,Gigs,Marketing,Need 21-30 year olds for Paid Marketing Research  - Rochester MN,https://rmn.craigslist.org/evg/d/rochester-need-year-olds-for-paid/7771085596.html
US,rmn,https://rmn.craigslist.org,Gigs,Marketing,"Marketing Research Opportunity, Rochester",https://rmn.craigslist.org/evg/d/rochester-marketing-research/7766288844.html
US,marshall,https://marshall.craigslist.org,Gigs,Marketing,"Marketing Research Opportunity, Marshall",https://marshall.craigslist.org/evg/d/marshall-marketing-research-opportunity/7771600416.html
US,stcloud,https://stcloud.craigslist.org,Gigs,Marketing,"Marketing Research Opportunity, St Cloud",https://stcloud.craigslist.org/evg/d/saint-cloud-marketing-research/7768912264.html
US,stlouis,https://stlouis.craigslist.org,Gigs,Marketing,Need 21-30 year olds for Paid Marketing Research Experience,https://stlouis.craigslist.org/evg/d/saint-louis-need-year-olds-for-paid/7771255101.html
US,lincoln,https://lincoln.craigslist.org,Gigs,Marketing,Marketing Research Opportunity for Ages 21-30 - Lincoln,https://lincoln.craigslist.org/evg/d/lincoln-marketing-research-opportunity/7767471645.html
US,omaha,https://omaha.craigslist.org,Gigs,Marketing,ðŸ’»Agents Wanted-Job Opportunity: Help Us Test a New Marketing Strategy,https://omaha.craigslist.org/cpg/d/council-bluffs-agents-wanted-job/7772019245.html
US,omaha,https://omaha.craigslist.org,Gigs,Marketing,Need 21-30 year olds for Paid Marketing Research - Omaha,https://omaha.craigslist.org/evg/d/omaha-need-year-olds-for-paid-marketing/7771127148.html
US,lasvegas,https://lasvegas.craigslist.org,Gigs,Marketing,Models / Extras Needed for Restaurant Photo Video Marketing Shoot,https://lasvegas.craigslist.org/tlg/d/las-vegas-models-extras-needed-for/7774055690.html
US,lasvegas,https://lasvegas.craigslist.org,Gigs,Marketing,Teach me Social Media Marketing,https://lasvegas.craigslist.org/crg/d/las-vegas-teach-me-social-media/7773985689.html
US,nh,https://nh.craigslist.org,Gigs,Marketing,Marketing Research Opportunity for Age 21-30 - Nashua,https://nh.craigslist.org/evg/d/nashua-marketing-research-opportunity/7774018565.html
US,nh,https://nh.craigslist.org,Gigs,Marketing,Need 21-30 year olds for Paid Marketing Research Experience (Bedford),https://nh.craigslist.org/evg/d/bedford-need-year-olds-for-paid/7771085840.html
US,cnj,https://cnj.craigslist.org,Gigs,Marketing,Event Marketing/ Brand Ambassador,https://cnj.craigslist.org/evg/d/allentown-event-marketing-brand/7775141895.html
US,cnj,https://cnj.craigslist.org,Gigs,Marketing,Marketing Research Opportunity for Ages 21-30 - Westfield,https://cnj.craigslist.org/evg/d/westfield-marketing-research/7770898466.html
US,newjersey,https://newjersey.craigslist.org,Gigs,Marketing,Simple Marketing Research - Clifton NJ,https://newjersey.craigslist.org/evg/d/clifton-simple-marketing-research/7774097848.html
US,newjersey,https://newjersey.craigslist.org,Gigs,Marketing,Models Needed for Digital Marketing Company Photoshoot,https://newjersey.craigslist.org/tlg/d/emerson-models-needed-for-digital/7773060978.html
US,newjersey,https://newjersey.craigslist.org,Gigs,Marketing,"Small Gig using Social Media Marketing for Facebook, Next Door",https://newjersey.craigslist.org/crg/d/westwood-small-gig-using-social-media/7770980549.html
US,santafe,https://santafe.craigslist.org,Gigs,Marketing,Marketing Research Opportunity for Ages 21-30: Santa Fe,https://santafe.craigslist.org/evg/d/santa-fe-marketing-research-opportunity/7770897298.html
US,albany,https://albany.craigslist.org,Gigs,Marketing,Get Paid From Home to Give Away Free Marketing Memberships! Albany NY,https://albany.craigslist.org/cpg/d/albany-get-paid-from-home-to-give-away/7772802918.html
US,albany,https://albany.craigslist.org,Gigs,Marketing,Marketing Specialist for Real Estate Brokerage- Unlimited Earnings,https://albany.craigslist.org/crg/d/saratoga-springs-marketing-specialist/7771169797.html
US,ithaca,https://ithaca.craigslist.org,Gigs,Marketing,Need 21-30 year olds for Paid Marketing Research - Ithaca,https://ithaca.craigslist.org/evg/d/ithaca-need-year-olds-for-paid/7771127266.html
US,longisland,https://longisland.craigslist.org,Gigs,Marketing,21-30 year olds for Paid Marketing Research  - Long Island,https://longisland.craigslist.org/evg/d/plainview-year-olds-for-paid-marketing/7770897785.html
US,newyork,https://newyork.craigslist.org,Gigs,Marketing,Marketing Health,https://newyork.craigslist.org/mnh/evg/d/new-york-marketing-health/7774980843.html
US,newyork,https://newyork.craigslist.org,Gigs,Marketing,Marketing,https://newyork.craigslist.org/mnh/evg/d/new-york-marketing/7774980452.html
US,newyork,https://newyork.craigslist.org,Gigs,Marketing,Marketing Research Opportunity for Age 21-30 - Scarsdale,https://newyork.craigslist.org/wch/evg/d/scarsdale-marketing-research/7774097877.html
US,newyork,https://newyork.craigslist.org,Gigs,Marketing,Marketing Research Opportunity for Ages 21-30: New York Area,https://newyork.craigslist.org/wch/evg/d/larchmont-marketing-research/7774097576.html
US,newyork,https://newyork.craigslist.org,Gigs,Marketing,Christian video social media marketing help wanted.,https://newyork.craigslist.org/brx/evg/d/bronx-christian-video-social-media/7775322555.html
US,rochester,https://rochester.craigslist.org,Gigs,Marketing,Need 21-30 year olds for Paid Marketing Research  - Rochester NY,https://rochester.craigslist.org/evg/d/rochester-need-year-olds-for-paid/7771685262.html
US,asheville,https://asheville.craigslist.org,Gigs,Marketing,Need 21-30 year olds for Paid Marketing Research Experience,https://asheville.craigslist.org/evg/d/asheville-need-year-olds-for-paid/7774018410.html
US,charlotte,https://charlotte.craigslist.org,Gigs,Marketing,Remote: Marketing & Data Entry,https://charlotte.craigslist.org/wrg/d/topeka-remote-marketing-data-entry/7775037279.html
US,charlotte,https://charlotte.craigslist.org,Gigs,Marketing,"Simple Gmail Marketing Job â€“ READ, PLAY, LEARN with Performance-Based Pay",https://charlotte.craigslist.org/cpg/d/charlotte-simple-gmail-marketing-job/7770440943.html
US,charlotte,https://charlotte.craigslist.org,Gigs,Marketing,Email Marketing Specialist â€“ Earn with Performance-Based Pay,https://charlotte.craigslist.org/cpg/d/charlotte-email-marketing-specialist/7770494455.html
US,greensboro,https://greensboro.craigslist.org,Gigs,Marketing,Marketing Research - Greensboro Area,https://greensboro.craigslist.org/evg/d/greensboro-marketing-research/7768912052.html
US,greensboro,https://greensboro.craigslist.org,Gigs,Marketing,Need 21-30 year olds for marketing research experience,https://greensboro.craigslist.org/evg/d/greensboro-need-year-olds-for-marketing/7774018686.html
US,onslow,https://onslow.craigslist.org,Gigs,Marketing,Looking for Marketing Business Partner,https://onslow.craigslist.org/cpg/d/mccutcheon-field-looking-for-marketing/7774606859.html
US,raleigh,https://raleigh.craigslist.org,Gigs,Marketing,Marketing Research Opportunity for Age 21-30 - Chapel Hill,https://raleigh.craigslist.org/evg/d/chapel-hill-marketing-research/7774018495.html
US,wilmington,https://wilmington.craigslist.org,Gigs,Marketing,Looking for a marketing partner for artwork,https://wilmington.craigslist.org/crg/d/wilmington-looking-for-marketing/7772777882.html
US,grandforks,https://grandforks.craigslist.org,Gigs,Marketing,"Marketing Research Opportunity, Grand Forks",https://grandforks.craigslist.org/evg/d/grand-forks-marketing-research/7767471125.html
US,akroncanton,https://akroncanton.craigslist.org,Gigs,Marketing,Marketing Research - Akron Area,https://akroncanton.craigslist.org/evg/d/akron-marketing-research-akron-area/7768911881.html
US,cincinnati,https://cincinnati.craigslist.org,Gigs,Marketing,Marketing Research - Cincinnati Area,https://cincinnati.craigslist.org/evg/d/cincinnati-marketing-research/7767471247.html
US,cincinnati,https://cincinnati.craigslist.org,Gigs,Marketing,"20-32$ hr Hosting, marketing, receptionist, personal assistant",https://cincinnati.craigslist.org/dmg/d/cincinnati-hr-hosting-marketing/7774838653.html
US,cleveland,https://cleveland.craigslist.org,Gigs,Marketing,Marketing Research - Cleveland Area,https://cleveland.craigslist.org/evg/d/cleveland-marketing-research-cleveland/7768911782.html
US,columbus,https://columbus.craigslist.org,Gigs,Marketing,Event Marketing Brand Ambassador - OHIO STATE FAIR,https://columbus.craigslist.org/evg/d/columbus-event-marketing-brand/7771068305.html
US,oklahomacity,https://oklahomacity.craigslist.org,Gigs,Marketing,Hiring now cleaner/ marketing promoter,https://oklahomacity.craigslist.org/lbg/d/oklahoma-city-hiring-now-cleaner/7768378231.html
US,oklahomacity,https://oklahomacity.craigslist.org,Gigs,Marketing,Hiring now cleaner/ marketing promoter,https://oklahomacity.craigslist.org/dmg/d/oklahoma-city-hiring-now-cleaner/7767589817.html
US,tulsa,https://tulsa.craigslist.org,Gigs,Marketing,Need 21-30 year olds for Paid Marketing Research Experience,https://tulsa.craigslist.org/evg/d/tulsa-need-year-olds-for-paid-marketing/7767471727.html
US,portland,https://portland.craigslist.org,Gigs,Marketing,Expert in AMAZON Book Marketing,https://portland.craigslist.org/mlt/crg/d/portland-expert-in-amazon-book-marketing/7775207773.html
US,portland,https://portland.craigslist.org,Gigs,Marketing,ðŸ’»Agents Wanted-Job Opportunity: Help Us Test a New Marketing Strategy,https://portland.craigslist.org/mlt/cpg/d/portland-agents-wanted-job-opportunity/7774459116.html
US,portland,https://portland.craigslist.org,Gigs,Marketing,Searching for Brand / Marketing Strategists and Storytellers,https://portland.craigslist.org/wsc/crg/d/portland-searching-for-brand-marketing/7774168143.html
US,portland,https://portland.craigslist.org,Gigs,Marketing,Part Time Marketing Assistant,https://portland.craigslist.org/wsc/crg/d/portland-part-time-marketing-assistant/7772951558.html
US,philadelphia,https://philadelphia.craigslist.org,Gigs,Marketing,"Marketing Research Opportunity, King of Prussia",https://philadelphia.craigslist.org/evg/d/king-of-prussia-marketing-research/7772014009.html
US,charleston,https://charleston.craigslist.org,Gigs,Marketing,Marketing Research Opportunity: Mount Pleasant,https://charleston.craigslist.org/evg/d/mount-pleasant-marketing-research/7773467112.html
US,charleston,https://charleston.craigslist.org,Gigs,Marketing,Need 21-30 year olds for Paid Marketing Research  - Mt Pleasant,https://charleston.craigslist.org/evg/d/mount-pleasant-need-year-olds-for-paid/7771085966.html
US,columbia,https://columbia.craigslist.org,Gigs,Marketing,Need 21-30 year olds for Paid Marketing - Columbia,https://columbia.craigslist.org/evg/d/columbia-need-year-olds-for-paid/7766631677.html
US,greenville,https://greenville.craigslist.org,Gigs,Marketing,Marketing Research Opportunity: Greenville,https://greenville.craigslist.org/evg/d/greenville-marketing-research/7773467167.html
US,csd,https://csd.craigslist.org,Gigs,Marketing,"Marketing Research Opportunity, Pierre",https://csd.craigslist.org/evg/d/fort-pierre-marketing-research/7769481963.html
US,siouxfalls,https://siouxfalls.craigslist.org,Gigs,Marketing,"Marketing Research Opportunity, Mitchell",https://siouxfalls.craigslist.org/evg/d/mitchell-marketing-research-opportunity/7771600495.html
US,sd,https://sd.craigslist.org,Gigs,Marketing,"Marketing Research Opportunity, Huron SD",https://sd.craigslist.org/evg/d/huron-marketing-research-opportunity/7771255661.html
US,memphis,https://memphis.craigslist.org,Gigs,Marketing,Need 21-30 year olds for Paid Marketing Research Experience,https://memphis.craigslist.org/evg/d/germantown-need-year-olds-for-paid/7766288542.html
US,nashville,https://nashville.craigslist.org,Gigs,Marketing,"Marketing Research Opportunity, Nashville",https://nashville.craigslist.org/evg/d/nashville-marketing-research/7773183036.html
US,austin,https://austin.craigslist.org,Gigs,Marketing,FREE AI Email Marketing System That Pays You!,https://austin.craigslist.org/cpg/d/austin-free-ai-email-marketing-system/7771483048.html
US,dallas,https://dallas.craigslist.org,Gigs,Marketing,$300 a Day Digital Marketing Business********,https://dallas.craigslist.org/dal/cpg/d/rowlett-300-day-digital-marketing/7775155305.html
US,elpaso,https://elpaso.craigslist.org,Gigs,Marketing,ðŸ’»Agents Wanted-Job Opportunity: Help Us Test a New Marketing Strategy,https://elpaso.craigslist.org/cpg/d/el-paso-agents-wanted-job-opportunity/7770299813.html
US,houston,https://houston.craigslist.org,Gigs,Marketing,Digital Marketing Business $100 to $300 a Day********,https://houston.craigslist.org/cpg/d/houston-digital-marketing-business-100/7775433156.html
US,sanantonio,https://sanantonio.craigslist.org,Gigs,Marketing,Need 21-30 year olds for Paid Marketing Research - San Antonio,https://sanantonio.craigslist.org/evg/d/san-antonio-need-year-olds-for-paid/7771255214.html
US,provo,https://provo.craigslist.org,Gigs,Marketing,Marketing Research Opportunity for Ages 21-30,https://provo.craigslist.org/evg/d/orem-marketing-research-opportunity-for/7771685458.html
US,norfolk,https://norfolk.craigslist.org,Gigs,Marketing,Marketing Research Opportunity for Ages 21-30 - Newport News/VA Beach,https://norfolk.craigslist.org/evg/d/newport-news-marketing-research/7771127997.html
US,richmond,https://richmond.craigslist.org,Gigs,Marketing,Need 21-30 year olds for Paid Marketing Research Experience - Richmond,https://richmond.craigslist.org/evg/d/richmond-need-year-olds-for-paid/7771086148.html
US,seattle,https://seattle.craigslist.org,Gigs,Marketing,Sales and Marketing professionals needed,https://seattle.craigslist.org/see/evg/d/seattle-sales-and-marketing/7773449279.html
US,seattle,https://seattle.craigslist.org,Gigs,Marketing,Website and marketing needed asap,https://seattle.craigslist.org/sno/cpg/d/everett-website-and-marketing-needed/7774919717.html
US,madison,https://madison.craigslist.org,Gigs,Marketing,Need 21-30 year olds for Paid Marketing Research Experience,https://madison.craigslist.org/evg/d/madison-need-year-olds-for-paid/7766288510.html
US,milwaukee,https://milwaukee.craigslist.org,Gigs,Marketing,Glendale  Marketing Research Opportunity for Ages 21-30,https://milwaukee.craigslist.org/evg/d/milwaukee-glendale-marketing-research/7771085778.html
